Rk,Player,Twitter
1,Alaa Abdelnaby,alaatweets
2,Kareem Abdul-Jabbar,kaj33
3,Shareef Abdur-Rahim,ShareefAbdur_R
4,Thomas Abercrombie,tomabo10
5,Álex Abrines,alexabrines
6,Quincy Acy,QuincyAcy
7,Jalen Adams,ja4hunnid
8,Jaylen Adams,10jadams
9,Jordan Adams,jordanadams1231
10,Steven Adams,RealStevenAdams
11,Bam Adebayo,Bam1of1
12,Deng Adel,Foreverdeng
13,Jeff Adrien,Adrien4
14,Maurice Ager,moeager
15,C.J. Aiken,cjaiken01
16,Danny Ainge,danielrainge
17,Alexis Ajinça,AjincaAlexis42
18,DeVaughn Akoon-Purcell,dap44_
19,Cenk Akyol,cenkakyol
20,Furkan Aldemir,furkanaldemir19
21,Cole Aldrich,colea45
22,LaMarcus Aldridge,aldridge_12
23,Cliff Alexander,CAlexander
24,Kyle Alexander,KyleJamal4
25,Nickeil Alexander-Walker,NickeilAW
26,Bryce Alford,balford20
27,Rawle Alkins,Iam_RawleAlkins
28,Grayson Allen,GraysonJAllen
29,Jarrett Allen,_bigjayy_
30,Kadeem Allen,AllenKadeem
31,Lavoy Allen,chefVOYardee
32,Malik Allen,THEleekAllen30
33,Ray Allen,greenRAYn20
34,Tony Allen,aa000G9
35,Morris Almond,FreeMoAlmond
36,John Amaechi,JohnAmaechi
37,Al-Farouq Aminu,farouq1
38,Alade Aminu,Aminu_34
39,Lou Amundson,LouAmundson17
40,Alan Anderson,ASqared06
41,C.J. Anderson,cjanderson_23
42,Justin Anderson,JusAnderson1
43,Kenny Anderson,chibbs_1
44,Kyle Anderson,KyleAnderson5
45,Braian Angola-Rodas,Angola2411
46,Ike Anigbogu,IkePostrs_
47,O.D. Anosike,Anosike_1
48,Giannis Antetokounmpo,Giannis_An34
49,Kostas Antetokounmpo,Kostas_ante13
50,Carmelo Anthony,carmeloanthony
51,Greg Anthony,GregAnthony50
52,OG Anunoby,OAnunoby
53,Robert Archibald,RobertArchibald
54,Ryan Arcidiacono,RyArch15
55,Gilbert Arenas,agentzeroshow
56,Trevor Ariza,TrevorAriza
57,B.J. Armstrong,bjarmstrong
58,Darrell Arthur,DarrellArthur00
59,Jamel Artis,melartis1
60,Olu Ashaolu,O_Ash
Rk,Player,Twitter
61,Brandon Ashley,_Bash21
62,Ömer Aşık,AsikOmer
63,Eric Atkins,EAtkins0
64,Zach Auguste,ZachEliAuguste
65,D.J. Augustin,augustinDj14
66,Brandon Austin,Jumpman_BA
67,J.J. Avila,NotLilJay
68,Gustavo Ayón,Gustavo_Ayon15
69,Deandre Ayton,DeandreAyton
70,Kelenna Azubuike,KAzubuike7
71,Yudai Baba,babaseyo
72,Luke Babbitt,Realbabbitt08
73,Jordan Bachynski,BLOCKchynski
74,Dwayne Bacon,BaconDwayne1000
75,Marvin Bagley,MB3FIVE
76,Ron Baker,RonBaker31
77,Gracin Bakumanya,gbakumanya
78,Wade Baldwin,The_Fourth_Wade
79,Renaldo Balkman,R_Balkman32
80,Lonzo Ball,ZO2_
81,Mohamed Bamba,TheRealMoBamba
82,Cat Barber,catbarber1994
83,Leandro Barbosa,TheBlurBarbosa
84,J.J. Barea,jjbareapr
85,Jaylen Barford,Jbarford1
86,Andrea Bargnani,AndreaBargnani
87,Harrison Barnes,HBarnes
88,Matt Barnes,Matt_Barnes22
89,Jordan Barnett,JBounce33
90,Kyle Barone,KB33_
Rk,Player,Twitter
91,RJ Barrett,RjBarrett6
92,Earl Barron,earldee
93,Brent Barry,Barryathree
94,Canyon Barry,cbarry719
95,Rick Barry,Rick24Barry
96,Will Barton,WillTheThrillB5
97,Keita Bates-Diop,KBD_33
98,Shane Battier,ShaneBattier
99,Nicolas Batum,nicolas88batum
100,Jerryd Bayless,jerrydbayless
101,Elgin Baylor,elginbaylor
102,Aron Baynes,aronbaynes
103,Kent Bazemore,24Bazemore
104,Darius Bazley,BazleyDarius
105,V.J. Beachem,VjBeachem
106,Bradley Beal,RealDealBeal23
107,Malik Beasley,Mbeasy5
108,Michael Beasley,Michael8easley
109,Beau Beech,beaubeech02
110,Mirza Begić,BegicMirzaBM
111,Marco Belinelli,marcobelinelli
112,Charlie Bell,flintstone14
113,Jordan Bell,1jordanbell
114,Troy Bell,TroyBellS2P
115,DeAndre' Bembry,fearthefro95
116,Dragan Bender,DBender03
117,Jonathan Bender,jonathanbender9
118,Anthony Bennett,AnthonyBennett
119,Keith Benson,RealKITO
120,Ben Bentil,benbentil
Rk,Player,Twitter
121,Jared Berggren,jberggren40
122,Davion Berry,DavionBerry
123,Joel Berry,JoelBerryII
124,Dairis Bertāns,DairisBertans
125,Dāvis Bertāns,DBertans_42
126,Patrick Beverley,patbev21
127,Justin Bibbs,JustinBibbs10
128,Kavell Bigby-Williams,Kavell6ft11
129,Chauncey Billups,1MrBigShot
130,Khem Birch,Khem_Birch
131,Jabari Bird,Jabari_Bird
132,Goga Bitadze,GogaBiitadze
133,Bismack Biyombo,bismackbiyombo
134,Nemanja Bjelica,NemanjaBjelica
135,Tarik Black,TarikBlack25
136,James Blackmon,jblackmon2
137,DeJuan Blair,DeJuan45
138,Steve Blake,SteveBlake5
139,Antonio Blakeney,blakeney96
140,Andray Blatche,drayblatche
141,Eric Bledsoe,EBled2
142,Keljin Blevins,KBlevs02
143,Jaron Blossomgame,JaronBgame
144,Vander Blue,veezy_SQ
145,Trevon Bluiett,TrevonBluiett
146,Ryan Boatright,Ryanboatright11
147,Bogdan Bogdanović,LeaderOfHorde
148,Bojan Bogdanović,44Bojan
149,Muggsy Bogues,MuggsyBogues
150,Andrew Bogut,andrewbogut
Rk,Player,Twitter
151,John Bohannon,johnbohannon21
152,Bol Bol,BolBol
153,Jonah Bolden,Jonahbolden43
154,Marques Bolden,MarquesB__
155,Joel Bolomboy,Bolomboy21
156,Tim Bond,itsbout_TIM
157,Jordan Bone,JordanBone23
158,Isaac Bonga,isaacbonga
159,Matt Bonner,MattBonner_SAS
160,Devin Booker,DevinBook
161,Devin Booker,DevinBook
162,Trevor Booker,35_Fitz
163,Phil Booth,Philb_5
164,Carlos Boozer,MisterCbooz
165,Chris Bosh,chrisbosh
166,Chris Boucher,chrisboucher
167,Brian Bowen,tugs_
168,Bruce Bowen,Bowen12
169,Ryan Bowen,rybo40
170,Ky Bowman,KyranBowman
171,Craig Brackins,Cbrackins_33
172,Avery Bradley,Avery0Bradley
173,Tony Bradley,ToBrad1
174,Jarrell Brantley,jstuntbrantley
175,Taylor Braun,taylorbraun2324
176,Ignas Brazdeikis,_iggy_braz
177,Corey Brewer,TheCoreyBrewer
178,Ronnie Brewer,RonnieBrewerJr
179,Primož Brezec,Primozbrezec
180,Mikal Bridges,mikal_bridges
Rk,Player,Twitter
181,Miles Bridges,MilesBridges
182,Amida Brimah,amidabrimah
183,Isaiah Briscoe,ZayBriscoe
184,Oshae Brissett,Obrissy
185,Jon Brockman,MrJonBrockman
186,Ryan Broekhoff,RBroekhoff45
187,Malcolm Brogdon,MalcolmBrogdon7
188,Aaron Brooks,Thirty2zero
189,Dillon Brooks,dillonbrooks24
190,MarShon Brooks,Marshon2
191,Alec Brown,AlecBrown21
192,Anthony Brown,TwoShotOne
193,Bobby Brown,BBROWNLAU
194,Bruce Brown,BruceBrown11
195,Bryce Brown,Bwb_2
196,Charlie Brown,charliekbrownjr
197,Dee Brown,deebrown11
198,Derrick Brown,D_Brown4
199,Jabari Brown,Bari_BrownIDF
200,Jaylen Brown,FCHWPO
201,Lorenzo Brown,Zo_Brown
202,Markel Brown,iMarkelBrown22
203,Moses Brown,MosesBrown_
204,Sterling Brown,thatnegus_sb
205,Troy Brown,Troy_Brown33
206,Mike Bruesewitz,mbruesewitz31
207,Jalen Brunson,jalenbrunson1
208,Nicolás Brussino,nicoobrussino
209,Kobe Bryant,kobebryant
210,Thomas Bryant,nolimittb31
Rk,Player,Twitter
211,Chase Budinger,CBudinger
212,Reggie Bullock,ReggieBullock35
213,Trey Burke,TreyBurke
214,Alec Burks,AlecBurks10
215,Antonio Burks,antonioburks
216,Scott Burrell,sburrell24
217,Deonte Burton,DeonteBurton
218,Deonte Burton,DeeBurton30
219,Caron Butler,realtuffjuice
220,Jimmy Butler,JimmyButler
221,Rasual Butler,RasualButler45
222,Dwight Buycks,BizzleWorld20
223,Bruno Caboclo,Bruno_Caboclo
224,Devontae Cacok,Vontae__15
225,Junior Cadougan,JRwontLOSE
226,Michael Cage,Exhoopsmc
227,Nick Calathes,Nick_Calathes15
228,José Calderón,JmCalderon
229,Kentavious Caldwell-Pope,CaldwellPope
230,Perrion Callandret,Perriontf
231,Marcus Camby,MarcusCamby23
232,Isaiah Canaan,SiP03
233,Vlatko Čančar,CancarVlatko
234,Clint Capela,CapelaClint
235,Derrick Caracter,RebuildCaracter
236,Brian Cardinal,BrianCardinal
237,Jackie Carmichael,Jackie_C32
238,Antoine Carr,AntoineCarr55
239,Austin Carr,MrCavalier34
240,Phillip Carr,PhilippeChow_
Rk,Player,Twitter
241,Tony Carr,Tone10Carr
242,DeMarre Carroll,DeMarreCarroll1
243,Jeffrey Carroll,J30Carroll
244,Matt Carroll,matt13carroll
245,Jevon Carter,nextlevel_03
246,Sampson Carter,mrvincecarter15
247,Vince Carter,mrvincecarter15
248,Wendell Carter,wendellcarter34
249,Michael Carter-Williams,MCW1
250,Alex Caruso,ACFresh21
251,Omri Casspi,Casspi18
252,Willie Cauley-Stein,THEwillieCS15
253,Troy Caupain,caupain10
254,Tyler Cavanaugh,tycav34
255,Cedric Ceballos,cedceballos
256,Mario Chalmers,mchalmers15
257,Tyson Chandler,tysonchandler
258,Wilson Chandler,wilsonchandler
259,Rex Chapman,RexChapman
260,Joe Chealey,joe_chealey
261,Zylan Cheatham,1KingZ4
262,Josh Childress,JChillin
263,Chris Chiozza,Chiozza11
264,Marquese Chriss,quese
265,Doug Christie,TheDougChristie
266,Dionte Christmas,Dchristmas22
267,Rakeem Christmas,R_Xmas25
268,Semaj Christon,SemajChriston
269,Keith Clanton,Im_Keithclanton
270,Gary Clark,Gary11_Clark
Rk,Player,Twitter
271,Ian Clark,IanClark
272,Keydren Clark,KeydrenClark
273,Brandon Clarke,brandonclarke23
274,Jordan Clarkson,JordanClarksons
275,Gian Clavell,clavelito04
276,Victor Claver,Victor_Claver
277,Nicolas Claxton,_claxton33
278,Speedy Claxton,speeddeamon
279,Mateen Cleaves,Mateen_Cleaves
280,Chris Clemons,idropcoldbucks
281,Antonius Cleveland,ac_uno1
282,Will Clyburn,Da_Thrill21
283,Mike Cobbins,The1_MikeCobbs
284,Jeff Coby,JC40A3
285,Amir Coffey,coffeyshop_
286,Jake Cohen,jacohen15
287,Derrick Coleman,44TheLegend
288,Jarron Collins,jarronctwin
289,John Collins,jcollins20_
290,Sherron Collins,SHERRONCOLLINS4
291,Zach Collins,zcollins_33
292,Kyle Collinsworth,bigrussia5
293,Darren Collison,Darren_Collison
294,Nick Collison,nickcollison4
295,Bonzie Colson,Bacolson35
296,Mike Conley,MCONLEY10
297,Pat Connaughton,pconnaughton
298,Will Conroy,CHILLCONROY
299,Daequan Cook,DC4Three
300,Quinn Cook,QCook323
Rk,Player,Twitter
301,Tyler Cook,iamtc25
302,Charles Cooke,c4_cooke
303,Derek Cooke,DCookeJr
304,Jack Cooley,JackCooligan45
305,Michael Cooper,ShowtimeCooper
306,Isaïa Cordinier,izaycordinier
307,Petr Cornelie,Petr_Cornelie
308,Matt Costello,MattCostello10
309,DeMarcus Cousins,boogiecousins
310,Robert Covington,Holla_At_Rob33
311,Allen Crabbe,allencrabbe
312,Aaron Craft,ACraft4
313,Torrey Craig,TCraig_23
314,Chris Crawford,clutchcrawford3
315,Drew Crawford,TheRealDrewski1
316,Jamal Crawford,JCrossover
317,Joe Crawford,JoeCrawford5
318,Jordan Crawford,jcraw55
319,Austin Croshere,AustinCroshere
320,John Crotty,JohnCrottyHEAT
321,Jae Crowder,CJC9BOSS
322,Jarrett Culver,jarrettc08
323,Will Cummings,willcummings_
324,Dante Cunningham,DlamarC33
325,Jared Cunningham,J1Flight
326,Eddy Curry,Eddy_Curry
327,Seth Curry,sdotcurry
328,Stephen Curry,StephenCurry30
329,Nemanja Dangubić,DangubicNemanja
330,DeAndre Daniels,D_Daniels2
Rk,Player,Twitter
331,Marquis Daniels,Marquis_Daniels
332,Troy Daniels,troydaniels
333,Luigi Datome,GigiDatome
334,Anthony Davis,AntDavis23
335,Baron Davis,BaronDavis
336,Devin Davis,DevDavis15
337,Deyonta Davis,DeyontaDavis_04
338,Ed Davis,eddavisXVII
339,Glen Davis,iambigbaby11
340,Andre Dawkins,dre_dawkins
341,Austin Daye,Adaye5
342,Dewayne Dedmon,d_dedmon3
343,Sam Dekker,dekker
344,Vinny Del Negro,VinnyDHoops
345,Malcolm Delaney,foe23
346,Carlos Delfino,cabezadelfino
347,Ángel Delgado,AngelDelgado
348,Matthew Dellavedova,matthewdelly
349,Cody Demps,CodyDemps
350,Luol Deng,LuolDeng9
351,Marcus Denmon,MizzouMonster12
352,Stephen Dennis,SDennis14
353,Demetrius Denzel-Dyson,DenzelDyson22
354,DeMar DeRozan,DeMar_DeRozan
355,Cheick Diallo,cheick_diallo13
356,Hamidou Diallo,hamidoudiallo
357,Boris Diaw,theborisdiaw
358,Gorgui Dieng,GorguiDieng
359,Dani Díez de la Faya,danidiez11
360,Spencer Dinwiddie,SDinwiddie_25
Rk,Player,Twitter
361,DeSagana Diop,sagana7
362,Vlade Divac,bgoodvlade
363,Donte DiVincenzo,Divincenzo
364,Daniel Dixon,Mr_HeatCheck
365,Luka Dončić,luka7doncic
366,Tyler Dorsey,TDORSEY_1
367,Luguentz Dort,luguentz
368,Damyean Dotson,wholeteamDot
369,Sekou Doumbouya,sekou_doums
370,Zabian Dowdell,zayrd1
371,Milton Doyle,MDLU35
372,PJ Dozier,Dozier_Kid
373,Goran Dragić,Goran_Dragic
374,Andre Drummond,AndreDrummond
375,Jared Dudley,JaredDudley619
376,Michael Dunigan,DarknessRises17
377,Kris Dunn,KrisDunn3
378,Ronald Dupree,RDupree12
379,Kevin Durant,KDTrey5
380,Trevon Duval,DatGuy_Trey
381,Cleanthony Early,Clearly_BallLyf
382,Mark Eaton,markeaton7ft4
383,Devin Ebanks,DevinEbanks3
384,Jarell Eddie,JarellEddie
385,Carsen Edwards,Cboogie_3
386,Vince Edwards,VE_12
387,Nnanna Egwu,egwu_32
388,Melvin Ejim,MelvinEjim
389,Henry Ellenson,HenryEllenson13
390,Wayne Ellington,WayneEllington
Rk,Player,Twitter
391,Sean Elliott,seanelliott_32
392,Perry Ellis,PElliz
393,Joel Embiid,JoelEmbiid
394,Alex English,AlexEnglish_2
395,Kim English,Englishscope24
396,James Ennis,JamesDa_Truth
397,Tyler Ennis,TylerEnnis
398,Julius Erving,JuliusErving
399,Drew Eubanks,DrewEubanks12
400,Jacob Evans,JacobEvans_1
401,Jawun Evans,j3vans1_
402,Jeremy Evans,JeremyEvans40
403,Keenan Evans,K3vans12
404,Reggie Evans,ReggieEvans30
405,Tyreke Evans,TyrekeEvans
406,Patrick Ewing,pewingjr6
407,Dante Exum,daanteee
408,Christian Eyenga,christeyenga31
409,Festus Ezeli,festus
410,C.J. Fair,cjfair
411,Tacko Fall,tackofall99
412,Jarrid Famous,MrFamous_CME
413,Kenneth Faried,KennethFaried35
414,Derrick Favors,dfavors14
415,Cristiano Felício,IamFelicio
416,Carrick Felix,CarrickFelixIMC
417,Carrick Felix,C_Felix0
418,Courtney Fells,Papi_Fells
419,Raymond Felton,RFeltonGBMS
420,Terrance Ferguson,The2KFerguson_
Rk,Player,Twitter
421,Rudy Fernández,rudy5fernandez
422,Vashil Fernandez,vashilluv_bball
423,Bruno Fernando,BrunoFernandoMV
424,Yogi Ferrell,YogiFerrell11
425,Landry Fields,landryfields
426,Michael Finley,MichaelFinley
427,Dorian Finney-Smith,doefinney_10
428,Derek Fisher,derekfisher
429,Bryn Forbes,BrynjForbes
430,T.J. Ford,tj_ford
431,Evan Fournier,EvanFourmizz
432,De'Aaron Fox,swipathefox
433,Rick Fox,RickFox
434,Randy Foye,randyfoye
435,Adonal Foyle,afoyle3131
436,Steve Francis,SteveFranchise3
437,Robert Franks,RoBo_22
438,Melvin Frazier,melvinjrrr
439,Tim Frazier,Timfraz23
440,Walt Frazier,WaltFrazier
441,Jimmer Fredette,jimmerfredette
442,Channing Frye,channingfrye
443,Markelle Fultz,MarkelleF
444,Wenyen Gabriel,WenyenGabriel
445,Abdul Gaddy,Gaddy253_
446,Dan Gadzuric,DGadzuric
447,Daniel Gafford,Dan_G33
448,Danilo Gallinari,gallinari8888
449,Langston Galloway,LangGalloway10
450,Jakeenan Gant,JakeenanG23
Rk,Player,Twitter
451,Patricio Garino,patitogarino
452,Darius Garland,dariusgarland22
453,Kevin Garnett,KevinGarnett5KG
454,Billy Garrett,BGarrett_5
455,Diante Garrett,kingarrett10
456,Marc Gasol,MarcGasol
457,Pau Gasol,paugasol
458,Kaiser Gates,Kaisergates
459,Rudy Gay,RudyGay
460,Michael Gbinije,mikegbinije
461,Alonzo Gee,GeeAlonzo
462,Paul George,Yg_Trece
463,Marcus Georges-Hunt,GTMGH3
464,Daniel Gibson,BooBysWorld1
465,Jonathan Gibson,jgiblife
466,Taj Gibson,TajGibson
467,Xavier Gibson,zaygibson
468,J.R. Giddens,JGidd4
469,Harry Giles,HGiiizzle
470,Shai Gilgeous-Alexander,shaiglalex
471,Kendall Gill,kendallg13
472,Artis Gilmore,ArtisGilmore53
473,Manu Ginóbili,manuginobili
474,Rudy Gobert,rudygobert27
475,Ryan Gomes,GotGomes
476,Drew Gooden,DrewGooden
477,Vernon Goodridge,VeEG00D
478,Brandon Goodwin,goodysav
479,Aaron Gordon,Double0AG
480,Eric Gordon,TheofficialEG10
Rk,Player,Twitter
481,Marcin Gortat,MGortat
482,Lance Goulbourne,Lg5live
483,Devonte' Graham,Devonte4Graham
484,Torian Graham,Torian_Graham
485,Treveon Graham,TreBall21
486,Danny Granger,dgranger33
487,Jayson Granger,jaygranger11
488,Brian Grant,bwgrant
489,Horace Grant,horacegrant54
490,Jerai Grant,JerianGrant
491,Jerami Grant,JeramiGrant
492,Jerian Grant,JerianGrant
493,Donte Grantham,DonteGrantham32
494,Hassani Gravett,BestThingSince_
495,Josh Gray,ThatsJoshGray
496,Rob Gray,iRob_G
497,A.C. Green,NBA_Ironman
498,Danny Green,DGreen_14
499,Draymond Green,Money23Green
500,Garlon Green,G650G
501,JaMychal Green,Jmyke1
502,Javonte Green,2Xtremebounce
503,Jeff Green,unclejeffgreen
504,Rodney Green,rodneygreen10
505,Donté Greene,dontegreeneCOS
506,Blake Griffin,blakegriffin23
507,Eric Griffin,EGRIFFDaSTORY
508,Taylor Griffin,tgriff32
509,Artūras Gudaitis,GudaitisAG
510,Kyle Guy,kylejguy
Rk,Player,Twitter
511,Rui Hachimura,rui_8mura
512,Hamed Haddadi,HamedHaddadi15
513,Jamelle Hagins,JamelleHagins
514,Donta Hall,_DatBoi05
515,Isaac Hamilton,Isaacham_10
516,Johnny Hamilton,johnny_tall
517,Jordan Hamilton,J_Goin_HAM
518,Justin Hamilton,Justin__41
519,Richard Hamilton,ripcityhamilton
520,Jaylen Hands,JHANDS08
521,Dusty Hannahs,D_Hannahs
522,Ben Hansbrough,bhans23
523,Tyler Hansbrough,THANS50
524,Travis Hansen,travishansen24
525,Anfernee Hardaway,Iam1Cent
526,Tim Hardaway,HardawaySr
527,Tim Hardaway,T_HardJR
528,James Harden,JHarden13
529,Maurice Harkless,moe_harkless
530,Derek Harper,D_Harp_12
531,Jared Harper,Therealvinoo
532,Justin Harper,Tru_Harp32
533,Ron Harper,HARPER04_5
534,Matt Harpring,mharpring15
535,Montrezl Harrell,MONSTATREZZ
536,Josh Harrellson,BigJorts55
537,Al Harrington,cheddahcheese7
538,C.J. Harris,cjharris11
539,Devin Harris,Dev34Harris
540,Elias Harris,EliasJMHarris
Rk,Player,Twitter
541,Gary Harris,thats_G_
542,Joe Harris,JoeHarris4
543,Manny Harris,313MannyHarris
544,Mike Harris,TheRealMH33
545,Ricky Harris,RickyHarris5
546,Terrel Harris,T_Harris87
547,Tobias Harris,tobias31
548,Aaron Harrison,AaronICE2
549,Andrew Harrison,DrewRoc5
550,Shaquille Harrison,ShaqHarrison_3
551,Josh Hart,joshhart
552,Isaiah Hartenstein,Ipjh55
553,Tyler Harvey,YoungTRaaw
554,Udonis Haslem,ThisIsUD
555,Spencer Hawes,spencerhawes00
556,Chuck Hayes,c_hayes44
557,Jaxson Hayes,hayes_jaxson
558,Nigel Hayes,NIGEL_HAYES
559,Gordon Hayward,gordonhayward
560,Spencer Haywood,SpencerHaywood
561,Gerald Henderson,GhJr09
562,Terry Henderson,t_henny3
563,Jordan Henriquez,TooTall2KnoSo1
564,Myke Henry,mykehenry20
565,Xavier Henry,XavierHenry
566,John Henson,Johnhenson31
567,LaDontae Henton,HentonBuckets23
568,Dewan Hernandez,DewanGoesFor_20
569,Juan Hernangómez,juanchiviris41
570,Willy Hernangómez,willyhg94
Rk,Player,Twitter
571,Chris Herren,c_herren
572,Tyler Herro,raf_tyler
573,Kevin Hervey,kherv_25
574,Brady Heslip,bradyheslip
575,Mario Hezonja,MarioHezonja
576,Roy Hibbert,Roy_Meets_World
577,Isaiah Hicks,IDHicks
578,Stephan Hicks,SmoovSteph
579,Buddy Hield,buddyhield
580,Cory Higgins,chiggins11
581,Haywood Highsmith,Bigscony
582,Nenê Hilário,NeneHilario42
583,Ahmed Hill,MED_XIII
584,George Hill,George_Hill3
585,Grant Hill,realgranthill33
586,Solomon Hill,solohill
587,Darrun Hilliard,DHilliard6X
588,Jaylen Hoard,JaylenHoard
589,Darington Hobson,ParkaySmooth
590,Julius Hodge,Follow24Hodge
591,DJ Hogg,Dj_hogg1
592,Fred Hoiberg,ISUMayor32
593,Aaron Holiday,The_4th_Holiday
594,Jrue Holiday,Jrue_Holiday11
595,Justin Holiday,JustHolla7
596,John Holland,Jholland_23
597,Lionel Hollins,LionelHollins14
598,Ryan Hollins,TheRyanHollins
599,Rondae Hollis-Jefferson,IAmCHAP24
600,Aric Holman,AricHolman
Rk,Player,Twitter
601,Jonathan Holmes,Rich_Holmes22
602,Richaun Holmes,Rich_Holmes22
603,Michael Holton,mdhhoops
604,Daulton Hommes,dchommes
605,Tyler Honeycutt,thoneycutt23
606,Rodney Hood,rodneyhood
607,Scotty Hopson,Shopson32
608,Al Horford,Al_Horford
609,Dennis Horner,DHorner31
610,Keith Hornsby,KHornsby4
611,Talen Horton-Tucker,Thortontucker
612,Danuel House,DanuelHouseJr
613,Allan Houston,ALLAN_HOUSTON
614,Dwight Howard,DwightHoward
615,William Howard,whow25
616,Lester Hudson,Lester26Hudson
617,Marcelo Huertas,Huertas09
618,Kevin Huerter,KevinHuerter
619,Josh Huestis,jhuestis
620,Robbie Hummel,RobbieHummel
621,Isaac Humphries,IsaacHumphries7
622,Kris Humphries,KrisHumphries
623,De'Andre Hunter,DreHunter
624,Vince Hunter,2easy32
625,Bobby Hurley,BobbyHurley11
626,Chandler Hutchison,CmoHutchison
627,Serge Ibaka,sergeibaka
628,Andre Iguodala,andre
629,Joe Ingles,Joeingles7
630,Damien Inglis,DamienINGLIS
Rk,Player,Twitter
631,Brandon Ingram,B_Ingram13
632,Donte Ingram,kingram_0
633,Ike Iroegbu,Be_LikeIKE
634,Kyrie Irving,KyrieIrving
635,Jonathan Isaac,JJudahIsaac
636,Allen Iverson,alleniverson
637,Royal Ivey,ROYALTIVEY
638,Wesley Iwundu,_Iwundu25
639,Jarrett Jack,Jarrettjack03
640,Bobby Jackson,TheBobbyJackson
641,Darnell Jackson,DBlock_Official
642,Demetrius Jackson,D_Jay11
643,Frank Jackson,FWJackson15
644,Jaren Jackson,jarenjacksonjr
645,Jim Jackson,jimjackson419
646,Josh Jackson,j_josh11
647,Justin Jackson,JJacks_44
648,Justin Jackson,JJacks_44
649,Lorne Jackson,DaTrillStak5
650,Mark Jackson,MarkJackson13
651,Pierre Jackson,PAPPYGAWD
652,Reggie Jackson,Reggie_Jackson
653,Stephen Jackson,DaTrillStak5
654,Bernard James,BernardJame5
655,Damion James,KONJames10
656,Justin James,1JustinJames
657,LeBron James,KingJames
658,Mike James,mikejames7
659,Stefan Janković,StefanJ33
660,Matt Janning,mjanning23
Rk,Player,Twitter
661,Scoop Jardine,scoopjardine
662,Othyus Jeffers,OthyusTheGreat
663,Amile Jefferson,AmileJefferson
664,Cory Jefferson,CoryJay34
665,DaQuan Jeffries,daquanjeffries2
666,John Jenkins,JohnnyCashVU23
667,Jonas Jerebko,JonasJerebko
668,Ty Jerome,tyjerome_
669,Eugene Jeter,PoohJeter
670,Alize Johnson,AlizeJohnson
671,Amir Johnson,IamAmirJohnson
672,Armon Johnson,AJALLDAY1
673,Avery Johnson,CoachAvery6
674,B.J. Johnson,Bean_J20
675,Brice Johnson,bjohnson_23
676,Dakari Johnson,DakariJohnson
677,Eddie Johnson,Jumpshot8
678,JaJuan Johnson,JaJuanJohnson
679,James Johnson,IamJJ16
680,Jaylen Johnson,JayGlooo10
681,Joe Johnson,TheJoeJohnson7
682,Kevin Johnson,KJ_MayorJohnson
683,Magic Johnson,MagicJohnson
684,Marques Johnson,olskool888
685,Orlando Johnson,OrlandoVJohnson
686,Reggie Johnson,Regg_42
687,Robert Johnson,RoJoJr
688,Stanley Johnson,iAmSJ
689,Tyler Johnson,Pusha650
690,Darius Johnson-Odom,KingMe_DJ1
Rk,Player,Twitter
691,Peter Jok,Jok_City14
692,Nikola Jokić,JokicNikola15
693,Dahntay Jones,dahntay1
694,Damian Jones,dameology
695,Damon Jones,d19j
696,Damon Jones,djones19
697,DeQuan Jones,DequanMJones
698,Derrick Jones,TheRea1DJones
699,Jemerrio Jones,JemerrioJ
700,Lazeric Jones,Zeek_Jones11
701,Matt Jones,matt13jones_
702,Perry Jones,Perry_Jones1
703,Shawn Jones,Slim_j12
704,Terrence Jones,TerrenceJones1
705,Tyus Jones,1Tyus
706,DeAndre Jordan,DeAndre
707,Cory Joseph,Cory_Joe
708,Kris Joseph,RealKrisJo
709,Nikola Jovanović,Nik_Jovanovic
710,Mfiondu Kabengele,Mfiondu
711,Myck Kabongo,MyckK9
712,Chris Kaman,ChrisKaman
713,Frank Kaminsky,FSKPart3
714,Ismaila Kane,ladsame1997
715,Enes Kanter,EnesKanter
716,İlkan Karaman,ilknkrmn
717,Arsalan Kazemi,kazemiworld
718,Tidjan Keita,Ktidjan
719,Tre Kelley,TreKel1ey
720,Ryan Kelly,RyanKelly34
Rk,Player,Twitter
721,Greg Kelser,gkelser32
722,Tim Kempton,SunsTK
723,Tiwian Kendley,princeofharlem8
724,Luke Kennard,LukeKennard5
725,Steve Kerr,SteveKerr
726,Jason Kidd,RealJasonKidd
727,Stanton Kidd,StantonKidd11
728,Michael Kidd-Gilchrist,MKG14
729,Sean Kilpatrick,SeanKilpatrick
730,Louis King,SweetLouu2
731,Nick King,CrownMeKing5_
732,Stacey King,Stacey21King
733,Maxi Kleber,MaxiKleber
734,Brandon Knight,Goodknight11
735,Brevin Knight,brevinknight22
736,Kevin Knox,KevKnox
737,Bronson Koenig,BronsonK_24
738,Sagaba Konate,sagaba50
739,John Konchar,konchjitty55
740,Furkan Korkmaz,FurkanKorkmaz
741,Luke Kornet,bigshin32
742,Kyle Korver,KyleKorver
743,Kosta Koufos,kostakoufos
744,Max Kouguere,MaxOnTwitter
745,David Kramer,K7davidK
746,Arnoldas Kulboka,kulboka98
747,Kyle Kuric,KIngKK_14
748,Rodions Kurucs,RODIONS1
749,Kyle Kuzma,kylekuzma
750,Mindaugas Kuzminskas,MKuzminskas
Rk,Player,Twitter
751,Skal Labissière,OneBigHaitian
752,Christian Laettner,laettnerbball
753,Cady Lalanne,Lac25_
754,Doron Lamb,DLamb20
755,Jeremy Lamb,jlamb
756,Romeo Langford,yeahyeah22
757,Nicolás Laprovíttola,nicolapro7
758,Shane Larkin,ShaneLarkin_3
759,Terry Larrier,_TL22
760,Joffrey Lauvergne,1JOLOLO
761,Zach LaVine,ZachLaVine
762,Vic Law,Followthe_LAW
763,Andrew Lawrence,Adrlawrence
764,Dedric Lawson,DSmoove1_2many
765,Ty Lawson,TyLawson3
766,Jake Layman,JLayman10
767,T.J. Leaf,leafsquad22
768,Ricky Ledo,REALRICKLEDO1
769,Courtney Lee,CourtneyLee5
770,Damion Lee,Dami0nLee
771,David Lee,Dlee042
772,William Lee,Haha34lee1
773,Walt Lemon,WaltLemon
774,Alex Len,alexlen
775,Kawhi Leonard,kawhileonard
776,Meyers Leonard,MeyersLeonard
777,C.J. Leslie,ncsu_cleslie
778,Travis Leslie,FlightLeslie23
779,Mathias Lessort,ThiasLsf
780,Jon Leuer,JonLeuer30
Rk,Player,Twitter
781,Caris LeVert,CarisLeVert
782,JeQuan Lewis,thatlewiskid1
783,Trey Lewis,Treylew3
784,DeAndre Liggins,Dreliggs34
785,Damian Lillard,Dame_Lillard
786,Jeremy Lin,JLin7
787,Scottie Lindsey,ScottieLindsey
788,Nassir Little,2ez_nassie
789,Denzel Livingston,denzel_trey10
790,Shaun Livingston,ShaunLivingston
791,Sergio Llull,23Llull
792,Trent Lockett,T_Lockett24
793,Zach Lofton,ZachLofton
794,Kevon Looney,Loon_Rebel5
795,Robin Lopez,rolopez42
796,Kevin Love,kevinlove
797,Marc Loving,lovingthegame32
798,Kyle Lowry,Klow7
799,Jordan Loyd,mrjloyd
800,John Lucas,JLEnterprises
801,Kalin Lucas,Kjay24k
802,John Lucas III,Luke1luk
803,Timothé Luwawu-Cabarrot,timcabs
804,Tyler Lydon,Tyler_Lydon14
805,Jairus Lyles,_jlyles
806,Trey Lyles,TreyLyles
807,Amath M'Baye,Amath22Juice
808,Sheldon Mac,sheldonmacc
809,Scott Machado,_ScottMachado
810,Lamont Mack,MONT_MACK
Rk,Player,Twitter
811,Shelvin Mack,ShelvinMack
812,Vernon Macklin,vernon_macklin
813,Daryl Macon,_dmacon4
814,J.P. Macura,jpmacura
815,Mark Madsen,madsen_mark
816,Josh Magette,joshmagette
817,Corey Maggette,Corey_Maggette
818,Ian Mahinmi,ianmahinmi
819,Dan Majerle,DanMajerle
820,Thon Maker,ThonMaker14
821,Karl Malone,TheDeliverer_32
822,Terance Mann,terance_mann
823,Danny Manning,coachdmanning
824,Devyn Marble,DevMarble
825,Stephon Marbury,StarburyMarbury
826,Vanja Marinković,vanjam32
827,Shawn Marion,matrix31
828,Boban Marjanović,BobanMarjanovic
829,Lauri Markkanen,MarkkanenLauri
830,Anthony Marshall,ANT_MARZ3
831,Donyell Marshall,Dmarsh42
832,Kendall Marshall,KButter5
833,Caleb Martin,Calebmartin14
834,Cartier Martin,CartierMartin
835,Cody Martin,cody_martin15
836,Jarell Martin,MartinJarell
837,Jeremiah Martin,4k_Jeremiah
838,Kelan Martin,kelan30_
839,Kenyon Martin,KenyonMartinSr
840,Jamal Mashburn,jamalmashburn
Rk,Player,Twitter
841,Frank Mason,FrankMason0
842,Roger Mason,MoneyMase
843,Yante Maten,YoungMoney_11
844,Garrison Mathews,gmathews_24
845,Jordan Mathews,JordanMathews22
846,Mangok Mathiang,M_Mango32
847,Dakota Mathias,DMathias31
848,Wesley Matthews,WessyWes23
849,Jason Maxiell,JasonMaxiell
850,Vernon Maxwell,vernonmaxwell11
851,Sean May,BigMay42
852,Luke Maye,luke_maye
853,Eric Maynor,EMaynor3
854,Luc Mbah a Moute,mbahamoute
855,Trevor Mbakwe,TMbakwe32
856,James Michael McAdoo,jamesmcadoo
857,Tahjere McCall,215tahj
858,Ray McCallum,RayMac3
859,Patrick McCaw,PMcCaw0
860,CJ McCollum,CJMcCollum
861,Mickey McConnell,MickeyMcConnell
862,T.J. McConnell,TJMcConnell
863,Tim McCormick,TimMcCormick40
864,Brandon McCoy,Mccoy_blvd
865,Chris McCullough,briskuno
866,Jalen McDaniels,jalenmcdaniels5
867,K.J. McDaniels,KJMcDaniels
868,Doug McDermott,dougmcdermott
869,Hank McDowell,Skinnypalmer
870,Mitch McGary,mitchmcgary
Rk,Player,Twitter
871,JaVale McGee,JaValeMcGee
872,Tracy McGrady,Real_T_Mac
873,Rodney McGruder,RodneyMcGruder
874,Jim McIlvaine,JimMcIlvaine
875,Kevin McKenna,coachkmc3
876,Trey McKinney-Jones,TreyMJ04
877,Alfonzo McKinnie,_Alvo_
878,Jordan McLaughlin,itsmclaughlin11
879,Ben McLemore,BenMcLemore
880,Liam McMorrow,TheLiamMcMorrow
881,Jerel McNeal,jerel_mcneal
882,Jordan McRae,JordyMac52
883,Josh McRoberts,JoshMcRoberts11
884,Jodie Meeks,Jmeeks20
885,Kennedy Meeks,asapmeeks03
886,Salah Mejri,50Mejri
887,Nicolò Melli,NikMelli
888,De'Anthony Melton,DeAnthonyMelton
889,Chimezie Metu,Chimezie_Metu
890,Jordan Mickey,Jmickey_02
891,Khris Middleton,Khris22m
892,C.J. Miles,masfresco
893,Isaiah Miles,freakyzeke_32
894,Darius Miller,DmillerKY
895,Malcolm Miller,MalcMili13
896,Mike Miller,MikeMiller_13
897,Quincy Miller,qmillertime
898,Reggie Miller,ReggieMillerTNT
899,Codi Miller-McIntyre,CMMPatience
900,Patty Mills,Patty_Mills
Rk,Player,Twitter
901,Elijah Millsap,Elijah_Millsap
902,John Millsap,Paulmillsap4
903,Paul Millsap,Paulmillsap4
904,Shake Milton,SniperShake
905,Nikola Milutinov,NMilutinov
906,Yao Ming,YaoMing
907,Nikola Mirotić,NikolaMirotic33
908,Akil Mitchell,ajmitchell25
909,Donovan Mitchell,spidadmitchell
910,Sam Mitchell,SamMitchellNBA
911,Tony Mitchell,TonyMitchUNENO
912,Tony Mitchell,tmitch_5
913,Naz Mitrou-Long,NazzyJML
914,Luka Mitrović,mitar_mitar9
915,Nazr Mohammed,NazrMohammed
916,Malik Monk,AhmadMonk
917,Earl Monroe,EarlThePearl_15
918,Greg Monroe,M10OSE
919,Matt Mooney,moonswag13
920,Ben Moore,JaminTheFiend
921,Doral Moore,2talldemondeac
922,E'Twaun Moore,ETwaun55
923,Jalen Moore,JalenMoore14
924,Ja Morant,JaMorant
925,Yanick Moreira,Ymoreira02
926,Eric Moreland,EricMoreland15
927,Jeremy Morgan,jmodashow20
928,Yannis Morin,YannisMorin
929,Darius Morris,dariusmorris4
930,Jaylen Morris,jay_morris30
Rk,Player,Twitter
931,Marcus Morris,MookMorris2
932,Markieff Morris,Keefmorris
933,Monte Morris,MonteMorris11
934,Anthony Morrow,MrAnthonyMorrow
935,Donatas Motiejūnas,DonatasMot
936,Johnathan Motley,Moneymot5
937,Brock Motum,brockm12
938,Arnett Moultrie,amoultrie
939,Emmanuel Mudiay,emmanuelmudiay
940,Shabazz Muhammad,ShabazzMuhammad
941,Mychal Mulder,MychalMulder
942,Xavier Munford,xaviermunford
943,Jordan Murphy,jordanmurphy24
944,Kamari Murphy,21__louie
945,Kevin Murphy,KMurph_55
946,Dejounte Murray,DejounteMurray
947,Jamal Murray,BeMore27
948,Tracy Murray,RealTracyMurray
949,Toure' Murry,toure_murry
950,Džanan Musa,DzMusa
951,Mike Muscala,mikemuscala
952,Dikembe Mutombo,officialmutombo
953,Sviatoslav Mykhailiuk,Sviat_10
954,Hamady N'Diaye,H55ndiaye
955,Mamadou N'Diaye,mamadoundiaye14
956,Boštjan Nachbar,BokiNachbar
957,Abdel Nader,AbdelNader2
958,Larry Nance,Larrydn22
959,Shabazz Napier,ShabazzNapier
960,Le'Bryan Nash,LBgetbuckets02
Rk,Player,Twitter
961,Steve Nash,SteveNash
962,Maurice Ndour,Mauricendure
963,Youssou Ndoye,yndoye35
964,Jameer Nelson,jameernelson
965,Raul Neto,RaulTogni
966,Johnny Newman,jnewNBA
967,Malik Newman,iammaliknewman
968,Georges Niang,GeorgesNiang20
969,Andrew Nicholson,nicholaf44
970,Norm Nixon,NormNixon
971,Landry Nnoko,landry_nnoko
972,Joakim Noah,JoakimNoah
973,Andrés Nocioni,SoyElChapu
974,Nerlens Noel,NerlensNoel3
975,Lucas Nogueira,Bebe92
976,Zach Norvell,ZachN_23
977,Steve Novak,stevenovak16
978,Jaylen Nowell,JaylenNowell
979,Dirk Nowitzki,swish41
980,Frank Ntilikina,FrankLikina
981,Kendrick Nunn,nunnbetter_
982,James Nunnally,AllorNunn21
983,Jusuf Nurkić,bosnianbeast27
984,David Nwaba,dnwaba0
985,Ike Nwamu,ike_nwamu
986,Patrick O'Bryant,13POB13
987,Jermaine O'Neal,jermaineoneal
988,Shaquille O'Neal,SHAQ
989,Royce O'Neale,BucketsONeale00
990,Kyle O'Quinn,Kyle_OQuinn
Rk,Player,Twitter
991,Charles Oakley,CharlesOakley34
992,Fabricio Oberto,obricio7
993,Lamar Odom,RealLamarOdom
994,Chamberlain Oguchi,ChampOguchi
995,Semi Ojeleye,Semi
996,Emeka Okafor,BigMek50
997,Jahlil Okafor,JahlilOkafor
998,Chuma Okeke,chuma_okeke
999,Elie Okobo,ElieOkobo_0
1000,Josh Okogie,CallMe_NonStop
1001,KZ Okpala,kz_okpala_
1002,Mehmet Okur,MehmetOkur13
1003,Victor Oladipo,VicOladipo
1004,Hakeem Olajuwon,DR34M
1005,Cameron Oliver,SpaceCamm
1006,Kelly Olynyk,KellyOlynyk
1007,Miye Oni,PrinceOni13
1008,Arinze Onuaku,arinze_onuaku
1009,Chinanu Onuaku,chinanu_onuaku
1010,Alex Oriakhi,aoriakhi42
1011,Daniel Orton,danielorton21
1012,Cedi Osman,cediosman
1013,Yakuba Ouattara,yakubaouattara
1014,Kelly Oubre,KELLYOUBREJR
1015,Zaza Pachulia,zaza27
1016,Marcus Paige,marcuspaige5
1017,Georgios Papagiannis,G_P_06
1018,Jannero Pargo,jpargo1
1019,Anthony Parker,_AnthonyParker
1020,Jabari Parker,JabariParker
Rk,Player,Twitter
1021,Tony Parker,tonyparker
1022,Chandler Parsons,ChandlerParsons
1023,Eric Paschall,epaschall
1024,Anžejs Pasečņiks,AnzejsP
1025,Lamar Patterson,LP21_
1026,Patrick Patterson,pdpatt
1027,Justin Patton,JustinPatton17
1028,Brandon Paul,BP3
1029,Chris Paul,CP3
1030,Adreian Payne,Adreian_Payne
1031,Cameron Payne,campayne
1032,Elfrid Payton,elfrid
1033,Gary Payton,GaryPayton_
1034,Gary Payton,GaryPaytonII
1035,L.J. Peak,ljpeak1
1036,Norvel Pelle,NorvelPelle05
1037,Will Perdue,Will_Perdue32
1038,Josh Perkins,JoshPerk13
1039,Kendrick Perkins,KendrickPerkins
1040,London Perrantes,London_Tyus
1041,Alec Peters,petersalec
1042,Jim Petersen,JimPeteHoops
1043,Morris Peterson,mopete24
1044,Luke Petrasek,Luke_Petrasek
1045,John Petrucelli,John_Petrucelli
1046,Terran Petteway,_TP5
1047,Paul Pierce,paulpierce34
1048,Mickaël Piétrus,MickaelPietrus
1049,Theo Pinson,tpinsonn
1050,Scottie Pippen,ScottiePippen
Rk,Player,Twitter
1051,Marshall Plumlee,marshallplumlee
1052,Mason Plumlee,masonplumlee
1053,Miles Plumlee,milesplumlee13
1054,Jakob Poeltl,JakobPoeltl
1055,Sir'Dominic Pointer,Sirdom1
1056,Kendall Pollard,__KP
1057,Olden Polynice,OldenPolynice1
1058,Quincy Pondexter,QuincyPondexter
1059,Shamorie Ponds,ShamorieP
1060,Jordan Poole,Not_Poole
1061,Jontay Porter,JontayPorter
1062,Kevin Porter,Kevinporterjr
1063,Michael Porter,MPJr
1064,Terry Porter,terryporter30
1065,Bobby Portis,BPortistime
1066,Kristaps Porziņģis,kporzee
1067,Leon Powe,Leon_Powe
1068,Dwight Powell,DwightPowell33
1069,Josh Powell,JP21Reasons
1070,Norman Powell,npowell2404
1071,Alex Poythress,AlexTheGreat22
1072,Casey Prather,cprather24
1073,Phil Pressey,philpressey
1074,Billy Preston,nolimitbill
1075,A.J. Price,realAJPrice
1076,Mark Price,Mark25Price
1077,Pablo Prigioni,PPrigioni9
1078,Laron Profit,Profit4eva
1079,Jacob Pullen,Jpullz0
1080,Rodney Purvis,Gpurvooo
Rk,Player,Twitter
1081,Raphiael Putney,RRPUTNEY3
1082,Zhou Qi,officialzhouqi
1083,Michael Qualls,Mr_WALKONAIR
1084,Tim Quarterman,TimQuarterman1
1085,Ivan Rabb,YoungIvee
1086,Nikola Radičević,nikoradicevic
1087,Kyle Randall,KRandy_12
1088,Chasson Randle,ChassonRandle
1089,Julius Randle,J30_RANDLE
1090,Anthony Randolph,TheARandolph
1091,Levi Randolph,LeviRandolph20
1092,Zach Randolph,MacBo50
1093,Xavier Rathan-Mayes,xrm_22
1094,Theo Ratliff,shotblocker42
1095,Leo Rautins,LeoRautins
1096,Josh Reaves,jreaves23
1097,Cam Reddish,camreddish
1098,Davon Reed,ClutchREED_5
1099,Omar Reed,DaJuice55
1100,Naz Reid,NazReid
1101,Travis Releford,T_2releFOUR
1102,Cameron Reynolds,CamoCinco
1103,Glen Rice,glenrice41
1104,Patrick Richard,prichard_3
1105,Jason Richardson,jrich23
1106,Josh Richardson,J_Rich1
1107,Malachi Richardson,KingMali23
1108,Quentin Richardson,QRich
1109,Mitch Richmond,MitchRichmond23
1110,Austin Rivers,AustinRivers25
Rk,Player,Twitter
1111,Doc Rivers,DocRivers
1112,Andre Roberson,FlyDre21
1113,Jeff Roberson,j5robe
1114,Ronald Roberts,RonaldRoberts5
1115,Alex Robinson,arob25_
1116,Clifford Robinson,UncleCliffy30
1117,David Robinson,DavidtheAdmiral
1118,Devin Robinson,drob7nson
1119,Duncan Robinson,D_Bo20
1120,Gerald Robinson,GRJR22
1121,Glenn Robinson,GRIII
1122,Jerome Robinson,Rome_Coldbucks1
1123,Justin Robinson,5Alive_
1124,Mitchell Robinson,23savage____
1125,Nate Robinson,nate_robinson
1126,Thomas Robinson,Trobinson0
1127,Isaiah Roby,roby_isaiah
1128,Dennis Rodman,dennisrodman
1129,Ángel Rodríguez,angel13pr
1130,Desi Rodriguez,desirodriguez6
1131,Sergio Rodríguez,SergioRodriguez
1132,Rajon Rondo,RajonRondo
1133,Derrick Rose,drose
1134,Jalen Rose,jalenrose
1135,Terrence Ross,TerrenceRoss
1136,Terry Rozier,T_Rozzay3
1137,Ricky Rubio,rickyrubio9
1138,Damjan Rudež,Damjan_Rudez
1139,Brandon Rush,BRush_25
1140,Kareem Rush,kareemrush
Rk,Player,Twitter
1141,Bill Russell,realbillrussell
1142,Bryon Russell,BRuss3
1143,D'Angelo Russell,Dloading
1144,Domantas Sabonis,Dsabonis11
1145,Robert Sacre,Bobby_Sacre
1146,John Salley,thejohnsalley
1147,Luka Šamanić,SamanicLuka
1148,JaKarr Sampson,KarrSampson14
1149,Jamarr Sanders,2_E_A_Z_Y
1150,Larry Sanders,l8show_thegoat
1151,Dario Šarić,dariosaric
1152,Tomáš Satoranský,satoransky
1153,Wesley Saunders,shyxxm
1154,Brian Scalabrine,Scalabrine
1155,Admiral Schofield,admiralelite15
1156,Detlef Schrempf,Dschrempf
1157,Dennis Schröder,DennisMike93
1158,Luis Scola,LScola4
1159,Dennis Scott,dennis3dscott
1160,Durand Scott,durand_scott
1161,Mike Scott,mikescott
1162,Shannon Scott,3SScott
1163,Thabo Sefolosha,ThaboSefolosha
1164,Wayne Selden,WayneSeldenJr
1165,Jeremy Senglin,jsenglin_30
1166,Kevin Séraphin,french_savage
1167,Ramon Sessions,SessionsRamon
1168,Collin Sexton,CollinYoungBull
1169,Landry Shamet,landryshamet
1170,Angelo Sharpless,Lo_Tatted
Rk,Player,Twitter
1171,Marial Shayok,MarialShayok
1172,Tornike Shengelia,TokoShengelia23
1173,Simisola Shittu,LanX_Sims
1174,Iman Shumpert,imanshumpert
1175,Pascal Siakam,pskills43
1176,Jordan Sibert,Smooth_Jordan
1177,Luke Sikma,LCSikma43
1178,Xavier Silas,XavierSilas
1179,Garret Siler,Big_G_21
1180,Chris Silva,SilvaObame
1181,Ben Simmons,BenSimmons25
1182,Bobby Simmons,bobbysimmons21
1183,Jonathon Simmons,ThaRealJsimms
1184,Kobi Simmons,JordanKobi
1185,Justin Simon,simon_Says_so
1186,Anfernee Simons,AnferneeSimons
1187,Henry Sims,H_Sims14
1188,Satnam Singh Bhamara,hellosatnam
1189,E.J. Singler,EJSingler
1190,Kyle Singler,KyleSingler
1191,Sean Singletary,SeanSingletary
1192,Chris Singleton,C_SING31
1193,Peyton Siva,PeypeySiva3
1194,Tamar Slay,slay9
1195,Donald Sloan,dsloan15
1196,Marcus Smart,smart_MS3
1197,Craig Smith,Csmeezy1
1198,Dennis Smith,Dennis1SmithJr
1199,Greg Smith,Ju_Smith4
1200,Ish Smith,ishsmith
Rk,Player,Twitter
1201,J.R. Smith,TheRealJRSmith
1202,Jason Smith,JasonSmith014
1203,Jerry Smith,JSmith_8
1204,Joe Smith,JoeBeast95
1205,Kenny Smith,TheJetOnTNT
1206,Nolan Smith,NdotSmitty
1207,Roscoe Smith,scoesh0w
1208,Scoochie Smith,scoochstackin
1209,Steve Smith,steve21smith
1210,Tony Smith,AnalystTSmith34
1211,Zach Smith,SuperDuperZach
1212,Zhaire Smith,zhaire_smith
1213,D'Vauntes Smith-Rivera,DSR43
1214,Tony Snell,TonySnell21_
1215,Richard Solomon,richxsolo3
1216,Edgar Sosa,Edgarsosa10
1217,Ray Spalding,RaySpalding_4
1218,Marreese Speights,Mospeights16
1219,Omari Spellman,Omarispellman
1220,Tiago Splitter,tiagosplitter
1221,Larry Spriggs,spriggy35
1222,Jerry Stackhouse,jerrystackhouse
1223,Chace Stanback,ChaceStanback
1224,Terence Stansbury,360StatueofLibe
1225,Jonathan Stark,jonathanstark02
1226,John Starks,StarksTheDunk
1227,Juwan Staten,JuwanStaten3
1228,Nik Stauskas,NStauskas11
1229,D.J. Stephens,DdotJAY30
1230,Lance Stephenson,StephensonLance
Rk,Player,Twitter
1231,Elijah Stewart,Lou_weezy_ana
1232,Greg Stiemsma,gregstiemsma
1233,David Stockton,dstockton32
1234,Michael Stockton,MikeStock20
1235,Jarnell Stokes,JarnellStokes
1236,Diamond Stone,Diamond_Stone33
1237,Julyan Stone,Julyan_Stone
1238,Amar'e Stoudemire,Amareisreal
1239,Dexter Strickland,BadenJaxen_
1240,Rod Strickland,rod_strickland
1241,Scott Suggs,scottro15
1242,Rasheed Sulaimon,sheed_ctmd1
1243,Jared Sullinger,Jared_Sully0
1244,Taren Sullivan,sullyballer1423
1245,Edmond Sumner,EdmondSumner
1246,Caleb Swanigan,calebswanigan50
1247,Devin Sweetney,DSweetney1
1248,Keifer Sykes,ksykesyb
1249,Wally Szczerbiak,wallyball
1250,Chris Taft,BlessedTaft
1251,Jayson Tatum,jaytatum0
1252,Edy Tavares,waltertavares22
1253,Isaiah Taylor,Zay_Ctmd11
1254,Jermaine Taylor,jtaylor8ball
1255,Jordan Taylor,JMTaylor11
1256,Tony Taylor,2cooltone
1257,Tyshawn Taylor,tyshawntaylor
1258,Jeff Teague,Teague0
1259,Marquis Teague,marquisteague25
1260,Mirza Teletović,Teletovic33
Rk,Player,Twitter
1261,Sebastian Telfair,BassyS31T
1262,Garrett Temple,GTemp17
1263,Miloš Teodosić,MilosTeodosic4
1264,Jared Terrell,TheJaredTerrell
1265,Emanuel Terry,EmanuelTerry08
1266,Jason Terry,jasonterry31
1267,Hasheem Thabeet,HasheemTheDream
1268,Xavier Thames,Xthames2
1269,Daniel Theis,dtheis10
1270,Reggie Theus,ReggieTheus
1271,Adonis Thomas,AllDayThomas
1272,Deshaun Thomas,DT1UpNComin
1273,Isaiah Thomas,isaiahthomas
1274,Isiah Thomas,IsiahThomas
1275,Khyri Thomas,Khyri_2
1276,Lance Thomas,MrLance42
1277,Rashawn Thomas,Sobeastly_25
1278,Jason Thompson,jtthekid
1279,Klay Thompson,KlayThompson
1280,Mychal Thompson,champagnennuts
1281,Mychel Thompson,MychelThompson
1282,Ryan Thompson,RyT5
1283,Sam Thompson,SlamIAm12
1284,Trevor Thompson,TrevBallinTrey2
1285,Tristan Thompson,RealTristan13
1286,Al Thornton,AThornton14
1287,Marcus Thornton,OfficialMT23
1288,Marcus Thornton,M3Thornton
1289,Sindarius Thornwell,Sin_City_803
1290,Matisse Thybulle,MatisseThybulle
Rk,Player,Twitter
1291,Jānis Timma,janis_timma
1292,Jamaal Tinsley,jatinsley
1293,Mike Tobey,miketobey10
1294,J.P. Tokoto,AirPierreTokoto
1295,Anthony Tolliver,ATolliver44
1296,Juan Toscano-Anderson,juanonjuan10
1297,Axel Toupane,toups_33
1298,Karl-Anthony Towns,KarlTowns
1299,Gary Trent,gtrentjr
1300,Travis Trice,Ttrice20
1301,Allonzo Trier,ISO_ZO
1302,Melo Trimble,_STAYMELO
1303,Alando Tucker,DoeTuck
1304,Hedo Türkoğlu,hidoturkoglu15
1305,Evan Turner,thekidet
1306,Myles Turner,Original_Turner
1307,Jeremy Tyler,jeremytyler3
1308,Ekpe Udoh,EkpeUdoh
1309,Beno Udrih,BenoUdrih1
1310,Tyler Ulis,tulis3
1311,Jarrod Uthoff,Mr_Uthoff
1312,Jonas Valančiūnas,JValanciunas
1313,Denzel Valentine,denzelvalentine
1314,Nick Van Exel,vanexel31
1315,Jarred Vanderbilt,JVando
1316,Fred VanVleet,FredVanVleet
1317,Anderson Varejão,VAREJAOANDERSON
1318,Eloy Vargas,EVargas30
1319,Jarvis Varnado,RealSwat32
1320,Greivis Vásquez,greivisvasquez
Rk,Player,Twitter
1321,Rashad Vaughn,ShowtimeMr1
1322,Jan Veselý,JanVesely24
1323,Gabe Vincent,iamgabevincent2
1324,Nikola Vučević,NikolaVucevic
1325,Sasha Vujačić,SashaVujacic
1326,Dean Wade,deanwade3232
1327,Dwyane Wade,DwyaneWade
1328,Von Wafer,vonwafer13
1329,Moritz Wagner,moritz_weasley
1330,Dion Waiters,dionwaiters3
1331,Antoine Walker,WalkerAntoine8
1332,Chris Walker,kingsky23
1333,Kemba Walker,KembaWalker
1334,Lonnie Walker,lonniewalker_4
1335,Tyrius Walker,iam_twalk
1336,Thomas Walkup,twalkup23
1337,John Wall,JohnWall
1338,Ben Wallace,Fear_DaFro
1339,Tyrone Wallace,TyWallace661
1340,Taurean Waller-Prince,taureanprince
1341,Bill Walton,BillWalton
1342,Derrick Walton,DerrickWalton10
1343,Brad Wanamaker,phillybul_22
1344,Jameel Warney,Fullcoursemeelz
1345,T.J. Warren,tonywarrenjr
1346,Hakim Warrick,hdubb21
1347,Jason Washburn,jaywash42
1348,P.J. Washington,PJWashington
1349,Yuta Watanabe,wacchi1013
1350,Tremont Waters,WatersTremont
Rk,Player,Twitter
1351,Christian Watford,Cwat205
1352,C.J. Watson,quietstorm_32
1353,Earl Watson,Earl_Watson
1354,Paul Watson,_PWJiii
1355,Mitchell Watt,mitchell_watt
1356,Maalik Wayns,MaalikWayns2
1357,Travis Wear,traviswear
1358,Quinndary Weatherspoon,IAM_QUINN11
1359,Kyle Weaver,kyleweaver5
1360,Chris Webber,realchriswebber
1361,Briante Weber,Sir_deuce2
1362,Corey Webster,cwebster9
1363,Martell Webster,MartellWebster
1364,Sonny Weems,Sonny13
1365,Bonzi Wells,BonziWells
1366,Dez Wells,_DezWells
1367,Thomas Welsh,tomwelsh40
1368,Bill Wennington,34billy42
1369,David West,D_West30
1370,Delonte West,delontewest
1371,Mark West,mwest41
1372,Charlie Westbrook,C_Westbrook1
1373,Russell Westbrook,russwest44
1374,Aaron White,Aaron_White30
1375,Andrew White,AndrewWhite03
1376,Coby White,CobyWhite
1377,D.J. White,dj_white3
1378,Derrick White,Dwhite921
1379,Okaro White,owhite10
1380,Royce White,Highway_30
Rk,Player,Twitter
1381,Terrico White,TerricoWhite5
1382,Isaiah Whitehead,isaiahwhitehead
1383,Hassan Whiteside,youngwhiteside
1384,Andrew Wiggins,22wiggins
1385,Nick Wiggins,Wiggys__WORLD
1386,Lindell Wigginton,Lwigginton5
1387,Scottie Wilbekin,scottiew_5
1388,C.J. Wilcox,UCjwilcox23W
1389,Jacob Wiley,Jwiley_24
1390,Kris Wilkes,kadw31
1391,Damien Wilkins,dwilkins3000
1392,Dominique Wilkins,DWilkins21
1393,Isaiah Wilkins,isaiahwilkins91
1394,Alan Williams,alantwilliams
1395,C.J. Williams,C_Will21
1396,Deron Williams,DeronWilliams
1397,Derrick Williams,DWXXIII
1398,Elliot Williams,ewill901
1399,Grant Williams,Grant2Will
1400,JaCorey Williams,_JWilliams22
1401,Jay Williams,RealJayWilliams
1402,Jerome Williams,JunkYardDogJW
1403,Johnathan Williams,@Iam_J3
1404,Jordan Williams,Jwilliams20
1405,Kenrich Williams,williamskenrich
1406,Latavious Williams,taybowl_
1407,Lou Williams,TeamLou23
1408,Matt Williams,1mattwill2
1409,Mo Williams,mowilliams
1410,Reggie Williams,reggiew55
Rk,Player,Twitter
1411,Robert Williams,rob_williamsIII
1412,Rodney Williams,YeahRod24
1413,Shelden Williams,SheldenWilliams
1414,T.J. Williams,gogettatjwill
1415,Terrence Williams,TheRealTWill
1416,Troy Williams,troywilliams_
1417,Nigel Williams-Goss,NigelWG5
1418,Zion Williamson,Zionwilliamson
1419,Derek Willis,derekxwillis
1420,D.J. Wilson,Lanky_Smoove
1421,Jamil Wilson,jamilwilson_22
1422,Kyle Wiltjer,kwiltj
1423,Dylan Windler,Dylan_Windler23
1424,Justise Winslow,IAmJustise
1425,Todd Withers,DatDude_Todd
1426,Jeff Withey,JeffWithey
1427,Nate Wolters,NateWolters
1428,Christian Wood,Chriswood_5
1429,Metta World Peace,MettaWorldPeace
1430,James Worthy,JamesWorthy42
1431,Brandan Wright,bwright34
1432,Chris Wright,flyght33wright
1433,Delon Wright,delonwright
1434,Dorell Wright,DWRIGHTWAY1
1435,Justin Wright-Foreman,JayWright_3
1436,Tony Wroten,TWroten_LOE
1437,Khalif Wyatt,KhalifW05
1438,Guerschon Yabusele,DTP_Mario
1439,Ding Yanyuhang,OfficialDing8
1440,Gabe York,gabeyork32
Rk,Player,Twitter
1441,B.J. Young,Joeybuckets3
1442,James Young,realjamesyoung
1443,Joe Young,JoeyBuckets3
1444,Nick Young,NickSwagyPYoung
1445,Patric Young,PatricYoung4
1446,Sam Young,SamYoung4
1447,Thaddeus Young,yungsmoove21
1448,Trae Young,TheTraeYoung
1449,Rade Zagorac,zagorac_rade
1450,Talib Zanna,TalibZanna
1451,Nick Zeisloft,n_zeis2
1452,Cody Zeller,CodyZeller
1453,Luke Zeller,LukeZeller40
1454,Tyler Zeller,ZellerTyler
1455,Stephen Zimmerman,BIGG_ZIMM
1456,Paul Zipser,paulzzip
1457,Ante Žižić,Ante__Zizic
1458,Ivica Zubac,ivicazubac
1459,Tomislav Zubčić,TomislavZubcic7
